Workbook

Sheet 셀 입출고 확인
B3: 프로젝트 별 Cell 입/출고 현황
B4: Project Name | C4: 등급 | D4: 총 합 | E4: 보유 수량 | F4: 총 입고량 | G4: 총 출고량 | H4: 기타
B5: UFC(V5.2) | C5: 양품 | D5: =E5+E6+E7 -> #REF! | E5: =F5-G5 -> #REF! | F5: =COUNTIFS(#REF!,"양품",#REF!,"V5.2") -> #REF! | G5: =COUNTIFS(#REF!,"양품",#REF!,"<>",#REF!,"V5.2") -> #REF!
C6: NCR | E6: =F6-G6 -> #REF! | F6: =COUNTIFS(#REF!,"NCR",#REF!,"V5.2") -> #REF! | G6: =COUNTIFS(#REF!,"NCR",#REF!,"<>",#REF!,"V5.2") -> #REF!
C7: NG | E7: =F7-G7 -> #REF! | F7: =COUNTIFS(#REF!,"NG",#REF!,"V5.2") -> #REF! | G7: =COUNTIFS(#REF!,"NG",#REF!,"<>",#REF!,"V5.2") -> #REF!
B8: 창고 내 총 셀 수량 | D8: =SUM(D5:D7) -> #REF! | F8: =SUM(F5:F7) -> #REF! | G8: =SUM(G5:G7) -> #REF!

Sheet NCR 세부 수량 파악
B2: NCR 세부 구분 현황 표 | M2: V5.2 | Q2: V5.5 | U2: V5.6 | Y2: Navitas_6T | AC2: V5.7 | AG2: V5.8
B3: 분류 | C3: NCR 종류 | D3: 세부사항 | E3: 표기 | F3: UFC | K3: Navitas | M3: 1. Final 실링 Cutting 폭(7±0.5mm) | Q3: 1. Final 실링 Cutting 폭(7±0.5mm) | U3: 1. Final 실링 Cutting 폭(7±0.5mm) | Y3: 1. 외관 찍힘 | AC3: 1. Final 실링 Cutting 폭(7±0.5mm) | AG3: 1. Final 실링 Cutting 폭(7±0.5mm)
F4: V5.2 | G4: V5.5 | H4: V5.6 | I4: V5.7 | J4: V5.8 | K4: 6T | M4: 구분 | N4: Cutting | O4: 수량 | Q4: 구분 | R4: Cutting | S4: 수량 | U4: 구분 | V4: Cutting | W4: 수량 | Y4: 구분 | Z4: 찍힘 크기, 수량 | AA4: 수량 | AC4: 구분 | AD4: Cutting | AE4: 수량 | AG4: 구분 | AH4: Cutting | AI4: 수량
B5: Formation | C5: NCR1 | D5: PF 방전용량(Ah) | E5: F-NCR1 | F5: {=SUMPRODUCT((#REF!="V5.2")*(LEFT(#REF!,6)='NCR 세부 수량 파악'!E5))} -> #REF! | G5: {=SUMPRODUCT((#REF!="V5.5")*(LEFT(#REF!,6)='NCR 세부 수량 파악'!E5))} -> #REF! | H5: {=SUMPRODUCT((#REF!="V5.6")*(LEFT(#REF!,6)='NCR 세부 수량 파악'!E5))} -> #REF! | I5: {=SUMPRODUCT((#REF!="V5.7")*(LEFT(#REF!,6)='NCR 세부 수량 파악'!E5))} -> #REF! | J5: {=SUMPRODUCT((#REF!="V5.8")*(LEFT(#REF!,6)='NCR 세부 수량 파악'!E5))} -> #REF! | K5: {=SUMPRODUCT((#REF!="6T")*(LEFT(#REF!,6)='NCR 세부 수량 파악'!E5))} -> #REF! | M5: BA | N5: 4.0-4.9 | O5: 12 | Q5: BA | R5: 4.0-4.9 | S5: 24 | U5: BA | V5: 4.0-4.9 | W5: 17 | Y5: BA | Z5: 10＜수량≤20 | AA5: 11 | AC5: BA | AD5: 4.0-4.9 | AE5: 6 | AG5: BA | AH5: 4.0-4.9 | AI5: 12
C6: NCR2 | D6: Final 실링 두께(㎛) | E6: F-NCR2 | F6: {=SUMPRODUCT((#REF!="V5.2")*(LEFT(#REF!,6)='NCR 세부 수량 파악'!E6))} -> #REF! | G6: {=SUMPRODUCT((#REF!="V5.5")*(LEFT(#REF!,6)='NCR 세부 수량 파악'!E6))} -> #REF! | H6: {=SUMPRODUCT((#REF!="V5.6")*(LEFT(#REF!,6)='NCR 세부 수량 파악'!E6))} -> #REF! | I6: {=SUMPRODUCT((#REF!="V5.7")*(LEFT(#REF!,6)='NCR 세부 수량 파악'!E6))} -> #REF! | J6: {=SUMPRODUCT((#REF!="V5.8")*(LEFT(#REF!,6)='NCR 세부 수량 파악'!E6))} -> #REF! | K6: {=SUMPRODUCT((#REF!="6T")*(LEFT(#REF!,6)='NCR 세부 수량 파악'!E6))} -> #REF! | M6: BB | N6: 3.0~3.9 | O6: 2 | Q6: BB | R6: 3.0~3.9 | S6: 124 | U6: BB | V6: 3.0~3.9 | W6: 0 | Y6: BB | Z6: 20＜수량≤30 | AA6: 0 | AC6: BB | AD6: 3.0~3.9 | AE6: 0 | AG6: BB | AH6: 3.0~3.9 | AI6: 0
C7: NCR3 | D7: Final 실링 Cutting 폭(mm) | E7: F-NCR3 | F7: {=SUMPRODUCT((#REF!="V5.2")*(LEFT(#REF!,6)='NCR 세부 수량 파악'!E7))} -> #REF! | G7: {=SUMPRODUCT((#REF!="V5.5")*(LEFT(#REF!,6)='NCR 세부 수량 파악'!E7))} -> #REF! | H7: {=SUMPRODUCT((#REF!="V5.6")*(LEFT(#REF!,6)='NCR 세부 수량 파악'!E7))} -> #REF! | I7: {=SUMPRODUCT((#REF!="V5.7")*(LEFT(#REF!,6)='NCR 세부 수량 파악'!E7))} -> #REF! | J7: {=SUMPRODUCT((#REF!="V5.8")*(LEFT(#REF!,6)='NCR 세부 수량 파악'!E7))} -> #REF! | K7: {=SUMPRODUCT((#REF!="6T")*(LEFT(#REF!,6)='NCR 세부 수량 파악'!E7))} -> #REF! | M7: BC | N7: 2.0~2.9 | O7: 0 | Q7: BC | R7: 2.0~2.9 | S7: 96 | U7: BC | V7: 2.0~2.9 | W7: 0 | Y7: BC | Z7: 30＜수량≤40 | AA7: 0 | AC7: BC | AD7: 2.0~2.9 | AE7: 0 | AG7: BC | AH7: 2.0~2.9 | AI7: 0
C8: NCR4 | D8: MF 충전용량(Ah) | E8: F-NCR4 | F8: {=SUMPRODUCT((#REF!="V5.2")*(LEFT(#REF!,6)='NCR 세부 수량 파악'!E8))} -> #REF! | G8: {=SUMPRODUCT((#REF!="V5.5")*(LEFT(#REF!,6)='NCR 세부 수량 파악'!E8))} -> #REF! | H8: {=SUMPRODUCT((#REF!="V5.6")*(LEFT(#REF!,6)='NCR 세부 수량 파악'!E8))} -> #REF! | I8: {=SUMPRODUCT((#REF!="V5.7")*(LEFT(#REF!,6)='NCR 세부 수량 파악'!E8))} -> #REF! | J8: {=SUMPRODUCT((#REF!="V5.8")*(LEFT(#REF!,6)='NCR 세부 수량 파악'!E8))} -> #REF! | K8: {=SUMPRODUCT((#REF!="6T")*(LEFT(#REF!,6)='NCR 세부 수량 파악'!E8))} -> #REF! | M8: 합계 | O8: =SUM(O5:O7) -> 14 | Q8: 합계 | S8: =SUM(S5:S7) -> 244 | U8: 합계 | W8: =SUM(W5:W7) -> 17 | Y8: 합계 | AA8: =SUM(AA5:AA7) -> 11 | AC8: 합계 | AE8: =SUM(AE5:AE7) -> 6 | AG8: 합계 | AI8: =SUM(AI5:AI7) -> 12
C9: NCR5 | D9: MF OCV1(aging 전, V) | E9: F-NCR5 | F9: {=SUMPRODUCT((#REF!="V5.2")*(LEFT(#REF!,6)='NCR 세부 수량 파악'!E9))} -> #REF! | G9: {=SUMPRODUCT((#REF!="V5.5")*(LEFT(#REF!,6)='NCR 세부 수량 파악'!E9))} -> #REF! | H9: {=SUMPRODUCT((#REF!="V5.6")*(LEFT(#REF!,6)='NCR 세부 수량 파악'!E9))} -> #REF! | I9: {=SUMPRODUCT((#REF!="V5.7")*(LEFT(#REF!,6)='NCR 세부 수량 파악'!E9))} -> #REF! | J9: {=SUMPRODUCT((#REF!="V5.8")*(LEFT(#REF!,6)='NCR 세부 수량 파악'!E9))} -> #REF! | K9: {=SUMPRODUCT((#REF!="6T")*(LEFT(#REF!,6)='NCR 세부 수량 파악'!E9))} -> #REF!
C10: NCR6 | D10: MF OCV2(aging 후, V) | E10: F-NCR6 | F10: {=SUMPRODUCT((#REF!="V5.2")*(LEFT(#REF!,6)='NCR 세부 수량 파악'!E10))} -> #REF! | G10: {=SUMPRODUCT((#REF!="V5.5")*(LEFT(#REF!,6)='NCR 세부 수량 파악'!E10))} -> #REF! | H10: {=SUMPRODUCT((#REF!="V5.6")*(LEFT(#REF!,6)='NCR 세부 수량 파악'!E10))} -> #REF! | I10: {=SUMPRODUCT((#REF!="V5.7")*(LEFT(#REF!,6)='NCR 세부 수량 파악'!E10))} -> #REF! | J10: {=SUMPRODUCT((#REF!="V5.8")*(LEFT(#REF!,6)='NCR 세부 수량 파악'!E10))} -> #REF! | K10: {=SUMPRODUCT((#REF!="6T")*(LEFT(#REF!,6)='NCR 세부 수량 파악'!E10))} -> #REF! | M10: 2. 외관 찍힘 | Q10: 2. 외관 찍힘 | U10: 2. 외관 : 가스 | AC10: 2. 외관 : 돌출 | AG10: 2. 파우치 크랙(NCR_기타-1)
C11: NCR7 | D11: MF OCV2 △V(OCV2-OCV1, V) | E11: F-NCR7 | F11: {=SUMPRODUCT((#REF!="V5.2")*(LEFT(#REF!,6)='NCR 세부 수량 파악'!E11))} -> #REF! | G11: {=SUMPRODUCT((#REF!="V5.5")*(LEFT(#REF!,6)='NCR 세부 수량 파악'!E11))} -> #REF! | H11: {=SUMPRODUCT((#REF!="V5.6")*(LEFT(#REF!,6)='NCR 세부 수량 파악'!E11))} -> #REF! | I11: {=SUMPRODUCT((#REF!="V5.7")*(LEFT(#REF!,6)='NCR 세부 수량 파악'!E11))} -> #REF! | J11: {=SUMPRODUCT((#REF!="V5.8")*(LEFT(#REF!,6)='NCR 세부 수량 파악'!E11))} -> #REF! | K11: {=SUMPRODUCT((#REF!="6T")*(LEFT(#REF!,6)='NCR 세부 수량 파악'!E11))} -> #REF! | M11: 구분 | N11: 찍힘 크기, 수량 | O11: 수량 | Q11: 구분 | R11: 찍힘 크기, 수량 | S11: 수량 | U11: 구분 | V11: 외관 | W11: 수량 | AC11: 구분 | AD11: 찍힘 크기, 수량 | AE11: 수량 | AG11: 구분 | AH11: 외관 | AI11: 수량
C12: NCR8 | D12: MF 방전용량(Ah) | E12: F-NCR8 | F12: {=SUMPRODUCT((#REF!="V5.2")*(LEFT(#REF!,6)='NCR 세부 수량 파악'!E12))} -> #REF! | G12: {=SUMPRODUCT((#REF!="V5.5")*(LEFT(#REF!,6)='NCR 세부 수량 파악'!E12))} -> #REF! | H12: {=SUMPRODUCT((#REF!="V5.6")*(LEFT(#REF!,6)='NCR 세부 수량 파악'!E12))} -> #REF! | I12: {=SUMPRODUCT((#REF!="V5.7")*(LEFT(#REF!,6)='NCR 세부 수량 파악'!E12))} -> #REF! | J12: {=SUMPRODUCT((#REF!="V5.8")*(LEFT(#REF!,6)='NCR 세부 수량 파악'!E12))} -> #REF! | K12: {=SUMPRODUCT((#REF!="6T")*(LEFT(#REF!,6)='NCR 세부 수량 파악'!E12))} -> #REF! | M12: BA | N12: 10＜수량≤20 | O12: 26 | Q12: BA | R12: 10＜수량≤20 | S12: 102 | U12: BB | V12: 1/4 지점 흔들림 | W12: 112 | AC12: BA | AD12: 4＜수량≤6 | AE12: 2 | AG12: BA | AH12: ＜2mm | AI12: 52
B13: Inspection | C13: NCR1 | D13: 기준용량(Ah) | E13: NCR1 | F13: {=SUMPRODUCT((#REF!="V5.2")*(LEFT(#REF!,6)='NCR 세부 수량 파악'!E13))} -> #REF! | G13: {=SUMPRODUCT((#REF!="V5.5")*(LEFT(#REF!,6)='NCR 세부 수량 파악'!E13))} -> #REF! | H13: {=SUMPRODUCT((#REF!="V5.6")*(LEFT(#REF!,6)='NCR 세부 수량 파악'!E13))} -> #REF! | I13: {=SUMPRODUCT((#REF!="V5.7")*(LEFT(#REF!,6)='NCR 세부 수량 파악'!E13))} -> #REF! | J13: {=SUMPRODUCT((#REF!="V5.8")*(LEFT(#REF!,6)='NCR 세부 수량 파악'!E13))} -> #REF! | K13: {=SUMPRODUCT((#REF!="6T")*(LEFT(#REF!,6)='NCR 세부 수량 파악'!E13))} -> #REF! | M13: BB | N13: 20＜수량≤30 | O13: 0 | Q13: BB | R13: 20＜수량≤30 | S13: 7 | U13: BC | V13: 파우치 들뜸 | W13: 237 | AC13: BB | AD13: 6＜수량≤8 | AE13: 0 | AG13: BB | AH13: ＜2mm | AI13: 4
C14: NCR2 | D14: 출하충전 OCV3(V) | E14: NCR2 | F14: {=SUMPRODUCT((#REF!="V5.2")*(LEFT(#REF!,6)='NCR 세부 수량 파악'!E14))} -> #REF! | G14: {=SUMPRODUCT((#REF!="V5.5")*(LEFT(#REF!,6)='NCR 세부 수량 파악'!E14))} -> #REF! | H14: {=SUMPRODUCT((#REF!="V5.6")*(LEFT(#REF!,6)='NCR 세부 수량 파악'!E14))} -> #REF! | I14: {=SUMPRODUCT((#REF!="V5.7")*(LEFT(#REF!,6)='NCR 세부 수량 파악'!E14))} -> #REF! | J14: {=SUMPRODUCT((#REF!="V5.8")*(LEFT(#REF!,6)='NCR 세부 수량 파악'!E14))} -> #REF! | K14: {=SUMPRODUCT((#REF!="6T")*(LEFT(#REF!,6)='NCR 세부 수량 파악'!E14))} -> #REF! | M14: BC | N14: 30＜수량≤40 | O14: 0 | Q14: BC | R14: 30＜수량≤40 | S14: 0 | AC14: BC | AD14: 8＜수량≤10 | AE14: 0 | AG14: BC | AH14: ≥2mm or 2개 이상 | AI14: 24
C15: NCR3 | D15: 보관 후 출하 OCV4 △V ratio(mV/month) | E15: NCR3 | F15: {=SUMPRODUCT((#REF!="V5.2")*(LEFT(#REF!,6)='NCR 세부 수량 파악'!E15))} -> #REF! | G15: {=SUMPRODUCT((#REF!="V5.5")*(LEFT(#REF!,6)='NCR 세부 수량 파악'!E15))} -> #REF! | H15: {=SUMPRODUCT((#REF!="V5.6")*(LEFT(#REF!,6)='NCR 세부 수량 파악'!E15))} -> #REF! | I15: {=SUMPRODUCT((#REF!="V5.7")*(LEFT(#REF!,6)='NCR 세부 수량 파악'!E15))} -> #REF! | J15: {=SUMPRODUCT((#REF!="V5.8")*(LEFT(#REF!,6)='NCR 세부 수량 파악'!E15))} -> #REF! | K15: {=SUMPRODUCT((#REF!="6T")*(LEFT(#REF!,6)='NCR 세부 수량 파악'!E15))} -> #REF! | M15: 합계 | O15: =SUM(O12:O14) -> 26 | Q15: 합계 | S15: =SUM(S12:S14) -> 109 | U15: 합계 | W15: =SUM(W12:W14) -> 349 | AC15: 합계 | AE15: =SUM(AE12:AE14) -> 2 | AG15: 합계 | AI15: =AI12+AI13+AI14 -> 80
C16: NCR4 | D16: 가스 발생 육안검사(여/부, 흔들림 지점) | E16: NCR4 | F16: {=SUMPRODUCT((#REF!="V5.2")*(LEFT(#REF!,6)='NCR 세부 수량 파악'!E16))} -> #REF! | G16: {=SUMPRODUCT((#REF!="V5.5")*(LEFT(#REF!,6)='NCR 세부 수량 파악'!E16))} -> #REF! | H16: {=SUMPRODUCT((#REF!="V5.6")*(LEFT(#REF!,6)='NCR 세부 수량 파악'!E16))} -> #REF! | I16: {=SUMPRODUCT((#REF!="V5.7")*(LEFT(#REF!,6)='NCR 세부 수량 파악'!E16))} -> #REF! | J16: {=SUMPRODUCT((#REF!="V5.8")*(LEFT(#REF!,6)='NCR 세부 수량 파악'!E16))} -> #REF! | K16: {=SUMPRODUCT((#REF!="6T")*(LEFT(#REF!,6)='NCR 세부 수량 파악'!E16))} -> #REF!
C17: NCR5 | D17: 파우치 표면 돌출(직경≤2mm) 수량(개) | E17: NCR5 | F17: {=SUMPRODUCT((#REF!="V5.2")*(LEFT(#REF!,6)='NCR 세부 수량 파악'!E17))} -> #REF! | G17: {=SUMPRODUCT((#REF!="V5.5")*(LEFT(#REF!,6)='NCR 세부 수량 파악'!E17))} -> #REF! | H17: {=SUMPRODUCT((#REF!="V5.6")*(LEFT(#REF!,6)='NCR 세부 수량 파악'!E17))} -> #REF! | I17: {=SUMPRODUCT((#REF!="V5.7")*(LEFT(#REF!,6)='NCR 세부 수량 파악'!E17))} -> #REF! | J17: {=SUMPRODUCT((#REF!="V5.8")*(LEFT(#REF!,6)='NCR 세부 수량 파악'!E17))} -> #REF! | K17: {=SUMPRODUCT((#REF!="6T")*(LEFT(#REF!,6)='NCR 세부 수량 파악'!E17))} -> #REF! | U17: 3. 외관 : 찍힘 | AC17: 3. 파우치 크랙(NCR_기타-1)
C18: NCR6 | D18: 파우치 표면 긁힘(폭≤0.5mm, 길이＞1mm) 수량(개) | E18: NCR6 | F18: {=SUMPRODUCT((#REF!="V5.2")*(LEFT(#REF!,6)='NCR 세부 수량 파악'!E18))} -> #REF! | G18: {=SUMPRODUCT((#REF!="V5.5")*(LEFT(#REF!,6)='NCR 세부 수량 파악'!E18))} -> #REF! | H18: {=SUMPRODUCT((#REF!="V5.6")*(LEFT(#REF!,6)='NCR 세부 수량 파악'!E18))} -> #REF! | I18: {=SUMPRODUCT((#REF!="V5.7")*(LEFT(#REF!,6)='NCR 세부 수량 파악'!E18))} -> #REF! | J18: {=SUMPRODUCT((#REF!="V5.8")*(LEFT(#REF!,6)='NCR 세부 수량 파악'!E18))} -> #REF! | K18: {=SUMPRODUCT((#REF!="6T")*(LEFT(#REF!,6)='NCR 세부 수량 파악'!E18))} -> #REF! | U18: 구분 | V18: 찍힘 크기, 수량 | W18: 수량 | AC18: 구분 | AD18: 외관 | AE18: 수량
C19: NCR7 | D19: 파우치 표면 찍힘(직경≤1mm) 수량(개) | E19: NCR7 | F19: {=SUMPRODUCT((#REF!="V5.2")*(LEFT(#REF!,6)='NCR 세부 수량 파악'!E19))} -> #REF! | G19: {=SUMPRODUCT((#REF!="V5.5")*(LEFT(#REF!,6)='NCR 세부 수량 파악'!E19))} -> #REF! | H19: {=SUMPRODUCT((#REF!="V5.6")*(LEFT(#REF!,6)='NCR 세부 수량 파악'!E19))} -> #REF! | I19: {=SUMPRODUCT((#REF!="V5.7")*(LEFT(#REF!,6)='NCR 세부 수량 파악'!E19))} -> #REF! | J19: {=SUMPRODUCT((#REF!="V5.8")*(LEFT(#REF!,6)='NCR 세부 수량 파악'!E19))} -> #REF! | K19: {=SUMPRODUCT((#REF!="6T")*(LEFT(#REF!,6)='NCR 세부 수량 파악'!E19))} -> #REF! | U19: BA | V19: 10＜수량≤20 | W19: 2 | AC19: BA | AD19: ＜2mm | AE19: 11
C20: NCR8 | D20: 누액 및 부식(여/부) | E20: NCR8 | F20: {=SUMPRODUCT((#REF!="V5.2")*(LEFT(#REF!,6)='NCR 세부 수량 파악'!E20))} -> #REF! | G20: {=SUMPRODUCT((#REF!="V5.5")*(LEFT(#REF!,6)='NCR 세부 수량 파악'!E20))} -> #REF! | H20: {=SUMPRODUCT((#REF!="V5.6")*(LEFT(#REF!,6)='NCR 세부 수량 파악'!E20))} -> #REF! | I20: {=SUMPRODUCT((#REF!="V5.7")*(LEFT(#REF!,6)='NCR 세부 수량 파악'!E20))} -> #REF! | J20: {=SUMPRODUCT((#REF!="V5.8")*(LEFT(#REF!,6)='NCR 세부 수량 파악'!E20))} -> #REF! | K20: {=SUMPRODUCT((#REF!="6T")*(LEFT(#REF!,6)='NCR 세부 수량 파악'!E20))} -> #REF! | U20: BB | V20: 20＜수량≤30 | W20: 0 | AC20: BB | AD20: ＜2mm | AE20: 0
C21: NCR9 | D21: 전지 size(폭, ㎜) | E21: NCR9 | F21: {=SUMPRODUCT((#REF!="V5.2")*(LEFT(#REF!,6)='NCR 세부 수량 파악'!E21))} -> #REF! | G21: {=SUMPRODUCT((#REF!="V5.5")*(LEFT(#REF!,6)='NCR 세부 수량 파악'!E21))} -> #REF! | H21: {=SUMPRODUCT((#REF!="V5.6")*(LEFT(#REF!,6)='NCR 세부 수량 파악'!E21))} -> #REF! | I21: {=SUMPRODUCT((#REF!="V5.7")*(LEFT(#REF!,6)='NCR 세부 수량 파악'!E21))} -> #REF! | J21: {=SUMPRODUCT((#REF!="V5.8")*(LEFT(#REF!,6)='NCR 세부 수량 파악'!E21))} -> #REF! | K21: {=SUMPRODUCT((#REF!="6T")*(LEFT(#REF!,6)='NCR 세부 수량 파악'!E21))} -> #REF! | U21: BC | V21: 30＜수량≤40 | W21: 0 | AC21: BC | AD21: ≥2mm or 2개 이상 | AE21: 0
C22: NCR10 | D22: 전지 두께(mm) | E22: NCR10 | F22: {=SUMPRODUCT((#REF!="V5.2")*(LEFT(#REF!,6)='NCR 세부 수량 파악'!E22))} -> #REF! | G22: {=SUMPRODUCT((#REF!="V5.5")*(LEFT(#REF!,6)='NCR 세부 수량 파악'!E22))} -> #REF! | H22: {=SUMPRODUCT((#REF!="V5.6")*(LEFT(#REF!,6)='NCR 세부 수량 파악'!E22))} -> #REF! | I22: {=SUMPRODUCT((#REF!="V5.7")*(LEFT(#REF!,6)='NCR 세부 수량 파악'!E22))} -> #REF! | J22: {=SUMPRODUCT((#REF!="V5.8")*(LEFT(#REF!,6)='NCR 세부 수량 파악'!E22))} -> #REF! | K22: {=SUMPRODUCT((#REF!="6T")*(LEFT(#REF!,6)='NCR 세부 수량 파악'!E22))} -> #REF! | U22: 합계 | W22: =SUM(W19:W21) -> 2 | AC22: 합계 | AE22: =AE19+AE20+AE21 -> 11
C23: NCR11 | D23: 전지 무게(g) | E23: NCR11 | F23: {=SUMPRODUCT((#REF!="V5.2")*(LEFT(#REF!,6)='NCR 세부 수량 파악'!E23))} -> #REF! | G23: {=SUMPRODUCT((#REF!="V5.5")*(LEFT(#REF!,6)='NCR 세부 수량 파악'!E23))} -> #REF! | H23: {=SUMPRODUCT((#REF!="V5.6")*(LEFT(#REF!,6)='NCR 세부 수량 파악'!E23))} -> #REF! | I23: {=SUMPRODUCT((#REF!="V5.7")*(LEFT(#REF!,6)='NCR 세부 수량 파악'!E23))} -> #REF! | J23: {=SUMPRODUCT((#REF!="V5.8")*(LEFT(#REF!,6)='NCR 세부 수량 파악'!E23))} -> #REF! | K23: {=SUMPRODUCT((#REF!="6T")*(LEFT(#REF!,6)='NCR 세부 수량 파악'!E23))} -> #REF!
C24: 기타 | D24: 파우치 크랙 | E24: 기타-1 | F24: {=SUMPRODUCT((#REF!="V5.2")*(LEFT(#REF!,6)='NCR 세부 수량 파악'!E24))} -> #REF! | G24: {=SUMPRODUCT((#REF!="V5.5")*(LEFT(#REF!,6)='NCR 세부 수량 파악'!E24))} -> #REF! | H24: {=SUMPRODUCT((#REF!="V5.6")*(LEFT(#REF!,6)='NCR 세부 수량 파악'!E24))} -> #REF! | I24: {=SUMPRODUCT((#REF!="V5.7")*(LEFT(#REF!,6)='NCR 세부 수량 파악'!E24))} -> #REF! | J24: {=SUMPRODUCT((#REF!="V5.8")*(LEFT(#REF!,6)='NCR 세부 수량 파악'!E24))} -> #REF! | K24: {=SUMPRODUCT((#REF!="6T")*(LEFT(#REF!,6)='NCR 세부 수량 파악'!E24))} -> #REF!
C25: 기타 | D25: 실란트 돌출 후 화성 진행 셀 | E25: 기타-2 | F25: {=SUMPRODUCT((#REF!="V5.2")*(LEFT(#REF!,6)='NCR 세부 수량 파악'!E25))} -> #REF! | G25: {=SUMPRODUCT((#REF!="V5.5")*(LEFT(#REF!,6)='NCR 세부 수량 파악'!E25))} -> #REF! | H25: {=SUMPRODUCT((#REF!="V5.6")*(LEFT(#REF!,6)='NCR 세부 수량 파악'!E25))} -> #REF! | I25: {=SUMPRODUCT((#REF!="V5.7")*(LEFT(#REF!,6)='NCR 세부 수량 파악'!E25))} -> #REF! | J25: {=SUMPRODUCT((#REF!="V5.8")*(LEFT(#REF!,6)='NCR 세부 수량 파악'!E25))} -> #REF! | K25: {=SUMPRODUCT((#REF!="6T")*(LEFT(#REF!,6)='NCR 세부 수량 파악'!E25))} -> #REF!
B26: 총 합 | F26: =SUM(F5:F25) -> #REF! | G26: =SUM(G5:G25) -> #REF! | H26: =SUM(H5:H25) -> #REF! | I26: =SUM(I5:I25) -> #REF! | J26: =SUM(J5:J25) -> #REF! | K26: =SUM(K5:K25) -> #REF!
B27: NCR 총 합 | F27: =SUM(F26:K26) -> #REF!

Sheet 프로젝트
B2: No. | C2: Lot No. | D2: 프로젝트명 | E2: Project No. | F2: 모델 | G2: 등급 | H2: NCR 등급 | I2: 보관 일자 | J2: 보관 위치 | K2: 출고 일자 | L2: 출고 현황 | M2: 인계자 | N2: 인수자 | O2: 상세 | P2: 상태 | Q2: 재입고
